{ "data": [

    {
    "CustomerId": 1,
    "Title": "Sra.",
    "FirstName": "Ágatha",
    "LastName": "Ferreira",
    "Age": "65",
    "Gender": "Feminino",
    "Address": "Rua Florêncio Coelho Holanda 459",
    "City": "Fortaleza",
    "ZipCode": "60711-220",
    "Country": "Brazil",
    "Mail": "AgathaSilvaFerreira@fleckens.hu",
    "TotalIncome": "5318",
    "LimitPercentUsage": "0.94",
    "DeniedTransactions": "14.0",
    "SatisfactionIndex": "0",
    "Churn": "0.0",
    "Lat": "-23.552549496537548",
    "Lng": "-46.63163152553523",
    "id": "08788a26-fc7f-49f3-b1c0-214de54c1770"
    },
    {
        "CustomerId": 2,
        "Title": "Sra.",
        "FirstName": "Nicole",
        "LastName": "Cunha",
        "Age": "18",
        "Gender": "Feminino",
        "Address": "Rua Cristóvão Xavier Lopes 1024",
        "City": "Rio de Janeiro",
        "ZipCode": "21530-120",
        "Country": "Brazil",
        "Mail": "NicoleDiasCunha@einrot.com",
        "TotalIncome": "7730",
        "LimitPercentUsage": "0.95",
        "DeniedTransactions": "6.0",
        "SatisfactionIndex": "3",
        "Churn": "1.0",
        "Lat": "-23.5498252739339",
        "Lng": "-46.63396956010149",
        "id": "3f2db04a-ad14-4d37-8890-0c9725ced6c4"
    },
    {
        "CustomerId": 3,
        "Title": "Sr.",
        "FirstName": "Antônio",
        "LastName": "Ferreira",
        "Age": "52",
        "Gender": "Masculino",
        "Address": "Rua Sete 1615",
        "City": "Cariacica",
        "ZipCode": "29144-470",
        "Country": "Brazil",
        "Mail": "AntonioSilvaFerreira@dayrep.com",
        "TotalIncome": "7852",
        "LimitPercentUsage": "0.95",
        "DeniedTransactions": "6.0",
        "SatisfactionIndex": "0",
        "Churn": "1.0",
        "Lat": "-23.537863257833735",
        "Lng": "-46.632533050233725",
        "id": "14a76b00-063a-47af-b955-531c8a762e28"
    },
    {
        "CustomerId": 4,
        "Title": "Dr.",
        "FirstName": "Lucas",
        "LastName": "Gomes",
        "Age": "28",
        "Gender": "Masculino",
        "Address": "Viela Agenor Munari 1261",
        "City": "São Paulo",
        "ZipCode": "03317-100",
        "Country": "Brazil",
        "Mail": "LucasBarbosaGomes@armyspy.com",
        "TotalIncome": "7224",
        "LimitPercentUsage": "0.81",
        "DeniedTransactions": "8.0",
        "SatisfactionIndex": "0",
        "Churn": "1.0",
        "Lat": "-23.54162040605342",
        "Lng": "-46.63581283291019",
        "id": "18011589-1574-48e0-ad94-4ebd987d31af"
    },
    {
        "CustomerId": 5,
        "Title": "Sra.",
        "FirstName": "Isabela",
        "LastName": "Araujo",
        "Age": "34",
        "Gender": "Feminino",
        "Address": "Rua Genipapo 330",
        "City": "Governador Valadares",
        "ZipCode": "35065-015",
        "Country": "Brazil",
        "Mail": "IsabelaCardosoAraujo@cuvox.de",
        "TotalIncome": "6380",
        "LimitPercentUsage": "1.0",
        "DeniedTransactions": "13.0",
        "SatisfactionIndex": "3",
        "Churn": "1.0",
        "Lat": "-23.54639669248079",
        "Lng": "-46.64305934055624",
        "id": "2c78aa19-7d0c-4870-afb6-0e2084560bb0"
    },
    {
        "CustomerId": 6,
        "Title": "Sr.",
        "FirstName": "Rodrigo",
        "LastName": "Azevedo",
        "Age": "39",
        "Gender": "Masculino",
        "Address": "Rua C 1218",
        "City": "Belo Horizonte",
        "ZipCode": "30668-060",
        "Country": "Brazil",
        "Mail": "RodrigoGomesAzevedo@teleworm.us",
        "TotalIncome": "5432",
        "LimitPercentUsage": "0.85",
        "DeniedTransactions": "4.0",
        "SatisfactionIndex": "1",
        "Churn": "0.0",
        "Lat": "-23.546817419095163",
        "Lng": "-46.64537999999999",
        "id": "d5b61bed-397c-4472-a1b9-a27228eafe6c"
    },
    {
        "CustomerId": 7,
        "Title": "Sra.",
        "FirstName": "Matilde",
        "LastName": "Costa",
        "Age": "31",
        "Gender": "Feminino",
        "Address": "Rua Parque Nacional da Amazônia 1397",
        "City": "Londrina",
        "ZipCode": "86077-240",
        "Country": "Brazil",
        "Mail": "MatildeSouzaCosta@fleckens.hu",
        "TotalIncome": "5487",
        "LimitPercentUsage": "0.01",
        "DeniedTransactions": "1.0",
        "SatisfactionIndex": "5",
        "Churn": "0.0",
        "Lat": "-23.55092535858965",
        "Lng": "-46.63591116180967",
        "id": "cc47a143-ab38-4205-9c01-e3feaf865283"
    },
    {
        "CustomerId": 8,
        "Title": "Sr.",
        "FirstName": "Carlos",
        "LastName": "Gomes",
        "Age": "19",
        "Gender": "Masculino",
        "Address": "Rua Professora Behair Edna Mendonça 1926",
        "City": "Londrina",
        "ZipCode": "86057-030",
        "Country": "Brazil",
        "Mail": "CarlosAzevedoGomes@teleworm.us",
        "TotalIncome": "4908",
        "LimitPercentUsage": "0.94",
        "DeniedTransactions": "5.0",
        "SatisfactionIndex": "0",
        "Churn": "1.0",
        "Lat": "-23.54949691534425",
        "Lng": "-46.63446769386576",
        "id": "15d7d48a-de7a-407b-b15f-fbe6f5bc8048"
    },
    {
        "CustomerId": 9,
        "Title": "Sr.",
        "FirstName": "Enzo",
        "LastName": "Gomes",
        "Age": "19",
        "Gender": "Masculino",
        "Address": "Rua Arco de Baixo 19",
        "City": "Camaçari",
        "ZipCode": "42804-700",
        "Country": "Brazil",
        "Mail": "EnzoSouzaGomes@gustr.com",
        "TotalIncome": "5937",
        "LimitPercentUsage": "1.0",
        "DeniedTransactions": "1.0",
        "SatisfactionIndex": "2",
        "Churn": "1.0",
        "Lat": "-23.54929199999999",
        "Lng": "-46.633559478233785",
        "id": "978006c7-4802-4f23-8677-4ec40ffdfd5a"
    },
    {
        "CustomerId": 10,
        "Title": "Sra.",
        "FirstName": "Ana",
        "LastName": "Fernandes",
        "Age": "19",
        "Gender": "Feminino",
        "Address": "Rua Irmão Florêncio 1803",
        "City": "Canoas",
        "ZipCode": "92310-490",
        "Country": "Brazil",
        "Mail": "AnaCunhaFernandes@teleworm.us",
        "TotalIncome": "3855",
        "LimitPercentUsage": "0.92",
        "DeniedTransactions": "14.0",
        "SatisfactionIndex": "2",
        "Churn": "1.0",
        "Lat": "-23.54098422508515",
        "Lng": "-46.6854768012868",
        "id": "8b466a63-5991-48e1-838b-198003290946"
    }
]}