{
    "$schema": "https://schema.management.azure.com/schemas/2019-04-01/deploymentTemplate.json#",
    "contentVersion": "1.0.0.0",
    "parameters": {
        "databaseAccounts_cosmosdb_tesserato_fraud_name": {
            "defaultValue": "cosmosdb-tesserato-fraud",
            "type": "String"
        }
    },
    "variables": {},
    "resources": [
        {
            "type": "Microsoft.DocumentDB/databaseAccounts",
            "apiVersion": "2021-10-15",
            "name": "[parameters('databaseAccounts_cosmosdb_tesserato_fraud_name')]",
            "location": "Brazil South",
            "tags": {
                "defaultExperience": "Core (SQL)",
                "hidden-cosmos-mmspecial": "",
                "CosmosAccountType": "Non-Production"
            },
            "kind": "GlobalDocumentDB",
            "identity": {
                "type": "None"
            },
            "properties": {
                "publicNetworkAccess": "Enabled",
                "enableAutomaticFailover": false,
                "enableMultipleWriteLocations": false,
                "isVirtualNetworkFilterEnabled": false,
                "virtualNetworkRules": [],
                "disableKeyBasedMetadataWriteAccess": false,
                "enableFreeTier": false,
                "enableAnalyticalStorage": true,
                "analyticalStorageConfiguration": {},
                "databaseAccountOfferType": "Standard",
                "defaultIdentity": "FirstPartyIdentity",
                "networkAclBypass": "None",
                "disableLocalAuth": false,
                "consistencyPolicy": {
                    "defaultConsistencyLevel": "Session",
                    "maxIntervalInSeconds": 5,
                    "maxStalenessPrefix": 100
                },
                "locations": [
                    {
                        "locationName": "Brazil South",
                        "provisioningState": "Succeeded",
                        "failoverPriority": 0,
                        "isZoneRedundant": false
                    }
                ],
                "cors": [],
                "capabilities": [],
                "ipRules": [],
                "backupPolicy": {
                    "type": "Periodic",
                    "periodicModeProperties": {
                        "backupIntervalInMinutes": 240,
                        "backupRetentionIntervalInHours": 8,
                        "backupStorageRedundancy": "Local"
                    }
                },
                "networkAclBypassResourceIds": []
            }
        },
        {
            "type": "Microsoft.DocumentDB/databaseAccounts/sqlDatabases",
            "apiVersion": "2021-10-15",
            "name": "[concat(parameters('databaseAccounts_cosmosdb_tesserato_fraud_name'), '/Fraud')]",
            "dependsOn": [
                "[resourceId('Microsoft.DocumentDB/databaseAccounts', parameters('databaseAccounts_cosmosdb_tesserato_fraud_name'))]"
            ],
            "properties": {
                "resource": {
                    "id": "Fraud"
                }
            }
        },
        {
            "type": "Microsoft.DocumentDB/databaseAccounts/sqlRoleDefinitions",
            "apiVersion": "2021-10-15",
            "name": "[concat(parameters('databaseAccounts_cosmosdb_tesserato_fraud_name'), '/00000000-0000-0000-0000-000000000001')]",
            "dependsOn": [
                "[resourceId('Microsoft.DocumentDB/databaseAccounts', parameters('databaseAccounts_cosmosdb_tesserato_fraud_name'))]"
            ],
            "properties": {
                "roleName": "Cosmos DB Built-in Data Reader",
                "type": "BuiltInRole",
                "assignableScopes": [
                    "[resourceId('Microsoft.DocumentDB/databaseAccounts', parameters('databaseAccounts_cosmosdb_tesserato_fraud_name'))]"
                ],
                "permissions": [
                    {
                        "dataActions": [
                            "Microsoft.DocumentDB/databaseAccounts/readMetadata",
                            "Microsoft.DocumentDB/databaseAccounts/sqlDatabases/containers/executeQuery",
                            "Microsoft.DocumentDB/databaseAccounts/sqlDatabases/containers/readChangeFeed",
                            "Microsoft.DocumentDB/databaseAccounts/sqlDatabases/containers/items/read"
                        ],
                        "notDataActions": []
                    }
                ]
            }
        },
        {
            "type": "Microsoft.DocumentDB/databaseAccounts/sqlRoleDefinitions",
            "apiVersion": "2021-10-15",
            "name": "[concat(parameters('databaseAccounts_cosmosdb_tesserato_fraud_name'), '/00000000-0000-0000-0000-000000000002')]",
            "dependsOn": [
                "[resourceId('Microsoft.DocumentDB/databaseAccounts', parameters('databaseAccounts_cosmosdb_tesserato_fraud_name'))]"
            ],
            "properties": {
                "roleName": "Cosmos DB Built-in Data Contributor",
                "type": "BuiltInRole",
                "assignableScopes": [
                    "[resourceId('Microsoft.DocumentDB/databaseAccounts', parameters('databaseAccounts_cosmosdb_tesserato_fraud_name'))]"
                ],
                "permissions": [
                    {
                        "dataActions": [
                            "Microsoft.DocumentDB/databaseAccounts/readMetadata",
                            "Microsoft.DocumentDB/databaseAccounts/sqlDatabases/containers/*",
                            "Microsoft.DocumentDB/databaseAccounts/sqlDatabases/containers/items/*"
                        ],
                        "notDataActions": []
                    }
                ]
            }
        },
        {
            "type": "Microsoft.DocumentDB/databaseAccounts/sqlDatabases/containers",
            "apiVersion": "2021-10-15",
            "name": "[concat(parameters('databaseAccounts_cosmosdb_tesserato_fraud_name'), '/Fraud/Benford-First-Digit')]",
            "dependsOn": [
                "[resourceId('Microsoft.DocumentDB/databaseAccounts/sqlDatabases', parameters('databaseAccounts_cosmosdb_tesserato_fraud_name'), 'Fraud')]",
                "[resourceId('Microsoft.DocumentDB/databaseAccounts', parameters('databaseAccounts_cosmosdb_tesserato_fraud_name'))]"
            ],
            "properties": {
                "resource": {
                    "id": "Benford-First-Digit",
                    "indexingPolicy": {
                        "indexingMode": "consistent",
                        "automatic": true,
                        "includedPaths": [
                            {
                                "path": "/*"
                            }
                        ],
                        "excludedPaths": [
                            {
                                "path": "/\"_etag\"/?"
                            }
                        ]
                    },
                    "partitionKey": {
                        "paths": [
                            "/id"
                        ],
                        "kind": "Hash"
                    },
                    "uniqueKeyPolicy": {
                        "uniqueKeys": []
                    },
                    "conflictResolutionPolicy": {
                        "mode": "LastWriterWins",
                        "conflictResolutionPath": "/_ts"
                    }
                }
            }
        },
        {
            "type": "Microsoft.DocumentDB/databaseAccounts/sqlDatabases/containers",
            "apiVersion": "2021-10-15",
            "name": "[concat(parameters('databaseAccounts_cosmosdb_tesserato_fraud_name'), '/Fraud/Benford-Second-Digit')]",
            "dependsOn": [
                "[resourceId('Microsoft.DocumentDB/databaseAccounts/sqlDatabases', parameters('databaseAccounts_cosmosdb_tesserato_fraud_name'), 'Fraud')]",
                "[resourceId('Microsoft.DocumentDB/databaseAccounts', parameters('databaseAccounts_cosmosdb_tesserato_fraud_name'))]"
            ],
            "properties": {
                "resource": {
                    "id": "Benford-Second-Digit",
                    "indexingPolicy": {
                        "indexingMode": "consistent",
                        "automatic": true,
                        "includedPaths": [
                            {
                                "path": "/*"
                            }
                        ],
                        "excludedPaths": [
                            {
                                "path": "/\"_etag\"/?"
                            }
                        ]
                    },
                    "partitionKey": {
                        "paths": [
                            "/id"
                        ],
                        "kind": "Hash"
                    },
                    "uniqueKeyPolicy": {
                        "uniqueKeys": []
                    },
                    "conflictResolutionPolicy": {
                        "mode": "LastWriterWins",
                        "conflictResolutionPath": "/_ts"
                    }
                }
            }
        },
        {
            "type": "Microsoft.DocumentDB/databaseAccounts/sqlDatabases/containers",
            "apiVersion": "2021-10-15",
            "name": "[concat(parameters('databaseAccounts_cosmosdb_tesserato_fraud_name'), '/Fraud/Categories')]",
            "dependsOn": [
                "[resourceId('Microsoft.DocumentDB/databaseAccounts/sqlDatabases', parameters('databaseAccounts_cosmosdb_tesserato_fraud_name'), 'Fraud')]",
                "[resourceId('Microsoft.DocumentDB/databaseAccounts', parameters('databaseAccounts_cosmosdb_tesserato_fraud_name'))]"
            ],
            "properties": {
                "resource": {
                    "id": "Categories",
                    "indexingPolicy": {
                        "indexingMode": "consistent",
                        "automatic": true,
                        "includedPaths": [
                            {
                                "path": "/*"
                            }
                        ],
                        "excludedPaths": [
                            {
                                "path": "/\"_etag\"/?"
                            }
                        ]
                    },
                    "partitionKey": {
                        "paths": [
                            "/CategoryId"
                        ],
                        "kind": "Hash"
                    },
                    "uniqueKeyPolicy": {
                        "uniqueKeys": []
                    },
                    "conflictResolutionPolicy": {
                        "mode": "LastWriterWins",
                        "conflictResolutionPath": "/_ts"
                    }
                }
            }
        },
        {
            "type": "Microsoft.DocumentDB/databaseAccounts/sqlDatabases/containers",
            "apiVersion": "2021-10-15",
            "name": "[concat(parameters('databaseAccounts_cosmosdb_tesserato_fraud_name'), '/Fraud/Customers')]",
            "dependsOn": [
                "[resourceId('Microsoft.DocumentDB/databaseAccounts/sqlDatabases', parameters('databaseAccounts_cosmosdb_tesserato_fraud_name'), 'Fraud')]",
                "[resourceId('Microsoft.DocumentDB/databaseAccounts', parameters('databaseAccounts_cosmosdb_tesserato_fraud_name'))]"
            ],
            "properties": {
                "resource": {
                    "id": "Customers",
                    "indexingPolicy": {
                        "indexingMode": "consistent",
                        "automatic": true,
                        "includedPaths": [
                            {
                                "path": "/*"
                            }
                        ],
                        "excludedPaths": [
                            {
                                "path": "/\"_etag\"/?"
                            }
                        ]
                    },
                    "partitionKey": {
                        "paths": [
                            "/CustomerId"
                        ],
                        "kind": "Hash"
                    },
                    "uniqueKeyPolicy": {
                        "uniqueKeys": []
                    },
                    "conflictResolutionPolicy": {
                        "mode": "LastWriterWins",
                        "conflictResolutionPath": "/_ts"
                    }
                }
            }
        },
        {
            "type": "Microsoft.DocumentDB/databaseAccounts/sqlDatabases/containers",
            "apiVersion": "2021-10-15",
            "name": "[concat(parameters('databaseAccounts_cosmosdb_tesserato_fraud_name'), '/Fraud/leases')]",
            "dependsOn": [
                "[resourceId('Microsoft.DocumentDB/databaseAccounts/sqlDatabases', parameters('databaseAccounts_cosmosdb_tesserato_fraud_name'), 'Fraud')]",
                "[resourceId('Microsoft.DocumentDB/databaseAccounts', parameters('databaseAccounts_cosmosdb_tesserato_fraud_name'))]"
            ],
            "properties": {
                "resource": {
                    "id": "leases",
                    "indexingPolicy": {
                        "indexingMode": "consistent",
                        "automatic": true,
                        "includedPaths": [
                            {
                                "path": "/*"
                            }
                        ],
                        "excludedPaths": [
                            {
                                "path": "/\"_etag\"/?"
                            }
                        ]
                    },
                    "partitionKey": {
                        "paths": [
                            "/id"
                        ],
                        "kind": "Hash"
                    },
                    "conflictResolutionPolicy": {
                        "mode": "LastWriterWins",
                        "conflictResolutionPath": "/_ts"
                    }
                }
            }
        },
        {
            "type": "Microsoft.DocumentDB/databaseAccounts/sqlDatabases/containers",
            "apiVersion": "2021-10-15",
            "name": "[concat(parameters('databaseAccounts_cosmosdb_tesserato_fraud_name'), '/Fraud/Orders')]",
            "dependsOn": [
                "[resourceId('Microsoft.DocumentDB/databaseAccounts/sqlDatabases', parameters('databaseAccounts_cosmosdb_tesserato_fraud_name'), 'Fraud')]",
                "[resourceId('Microsoft.DocumentDB/databaseAccounts', parameters('databaseAccounts_cosmosdb_tesserato_fraud_name'))]"
            ],
            "properties": {
                "resource": {
                    "id": "Orders",
                    "indexingPolicy": {
                        "indexingMode": "consistent",
                        "automatic": true,
                        "includedPaths": [
                            {
                                "path": "/*"
                            }
                        ],
                        "excludedPaths": [
                            {
                                "path": "/\"_etag\"/?"
                            }
                        ]
                    },
                    "partitionKey": {
                        "paths": [
                            "/OrderId"
                        ],
                        "kind": "Hash"
                    },
                    "uniqueKeyPolicy": {
                        "uniqueKeys": []
                    },
                    "conflictResolutionPolicy": {
                        "mode": "LastWriterWins",
                        "conflictResolutionPath": "/_ts"
                    }
                }
            }
        },
        {
            "type": "Microsoft.DocumentDB/databaseAccounts/sqlDatabases/containers",
            "apiVersion": "2021-10-15",
            "name": "[concat(parameters('databaseAccounts_cosmosdb_tesserato_fraud_name'), '/Fraud/Transactions')]",
            "dependsOn": [
                "[resourceId('Microsoft.DocumentDB/databaseAccounts/sqlDatabases', parameters('databaseAccounts_cosmosdb_tesserato_fraud_name'), 'Fraud')]",
                "[resourceId('Microsoft.DocumentDB/databaseAccounts', parameters('databaseAccounts_cosmosdb_tesserato_fraud_name'))]"
            ],
            "properties": {
                "resource": {
                    "id": "Transactions",
                    "indexingPolicy": {
                        "indexingMode": "consistent",
                        "automatic": true,
                        "includedPaths": [
                            {
                                "path": "/*"
                            }
                        ],
                        "excludedPaths": [
                            {
                                "path": "/\"_etag\"/?"
                            }
                        ]
                    },
                    "partitionKey": {
                        "paths": [
                            "/id"
                        ],
                        "kind": "Hash"
                    },
                    "uniqueKeyPolicy": {
                        "uniqueKeys": []
                    },
                    "conflictResolutionPolicy": {
                        "mode": "LastWriterWins",
                        "conflictResolutionPath": "/_ts"
                    }
                }
            }
        },
        {
            "type": "Microsoft.DocumentDB/databaseAccounts/sqlDatabases/throughputSettings",
            "apiVersion": "2021-10-15",
            "name": "[concat(parameters('databaseAccounts_cosmosdb_tesserato_fraud_name'), '/Fraud/default')]",
            "dependsOn": [
                "[resourceId('Microsoft.DocumentDB/databaseAccounts/sqlDatabases', parameters('databaseAccounts_cosmosdb_tesserato_fraud_name'), 'Fraud')]",
                "[resourceId('Microsoft.DocumentDB/databaseAccounts', parameters('databaseAccounts_cosmosdb_tesserato_fraud_name'))]"
            ],
            "properties": {
                "resource": {
                    "throughput": 400,
                    "autoscaleSettings": {
                        "maxThroughput": 4000
                    }
                }
            }
        }
    ]
}